{
  "Job": [
    {
      "JobName": "Coding",
      "JobDescription": "lorem",
      "JobStatus": "Pending",
      "JobRate": "200$ per hour",
      "id": 3
    },
    {
      "JobName": "Data Encoder",
      "JobDescription": "Type Lorem",
      "JobStatus": "Pending",
      "JobRate": "50$ per Hour",
      "id": 4
    }
  ],
  "Users": [
    {
      "Username": "allen",
      "Password": "allen123",
      "id": 1
    },
    {
      "Username": "qwerty",
      "Password": "qwerty123",
      "id": 2
    }
  ]
}